<?xml version="1.0" encoding="UTF-8"?>
<configuration>
    <include resource="org/springframework/boot/logging/logback/defaults.xml"/>
    <springProperty scope="context" name="springAppName" source="spring.application.name"/>
    <springProperty scope="context" name="logFile" source="logging.file.name"/>
    <springProperty scope="context" name="logPath" source="logging.file.path"/>
    <property name="LOG_FILE" value="${logPath}/${logFile}"/>​

    <!-- You can override this to have a custom pattern -->
    <property name="CONSOLE_LOG_PATTERN"
              value="%clr(%d{yyyy-MM-dd HH:mm:ss.SSS}){faint} %clr(${LOG_LEVEL_PATTERN:-%5p}) %X{correlationId:-} %clr(${PID:- }){magenta} %clr(---){faint} %clr([%15.15t]){faint} %clr(%-40.40logger{39}){cyan} %clr(:){faint} %m %clr(%X{request:-}) %clr(%X{response:-}) %n${LOG_EXCEPTION_CONVERSION_WORD:-%wEx}"/>

    <!-- Appender to log to console -->
    <appender name="console" class="ch.qos.logback.core.ConsoleAppender">
        <filter class="ch.qos.logback.classic.filter.ThresholdFilter">
            <!-- Minimum logging level to be presented in the console logs-->
            <level>DEBUG</level>
        </filter>
        <encoder>
            <pattern>${CONSOLE_LOG_PATTERN}</pattern>
            <charset>utf8</charset>
        </encoder>
    </appender>

    <!-- Appender to log to file -->​
<!--    <appender name="flatfile" class="ch.qos.logback.core.rolling.RollingFileAppender">-->
<!--        <file>${LOG_FILE}</file>-->
<!--        <rollingPolicy class="ch.qos.logback.core.rolling.TimeBasedRollingPolicy">-->
<!--            <fileNamePattern>${LOG_FILE}.%d{yyyy-MM-dd}.gz</fileNamePattern>-->
<!--            <maxHistory>7</maxHistory>-->
<!--        </rollingPolicy>-->
<!--        <encoder>-->
<!--            <pattern>${CONSOLE_LOG_PATTERN}</pattern>-->
<!--            <charset>utf8</charset>-->
<!--        </encoder>-->
<!--    </appender>-->

    <!-- Appender to log to file in a JSON format -->
    <appender name="logstash" class="ch.qos.logback.core.rolling.RollingFileAppender">
        <file>${LOG_FILE}.json</file>
        <triggeringPolicy class="ch.qos.logback.core.rolling.SizeAndTimeBasedRollingPolicy">
            <maxFileSize>100MB</maxFileSize>
            <fileNamePattern>${LOG_FILE}.json.%d{yyyy-MM-dd}.%i.gz</fileNamePattern>
            <maxHistory>7</maxHistory>
        </triggeringPolicy>
        <encoder class="net.logstash.logback.encoder.LoggingEventCompositeJsonEncoder">
            <providers>
                <timestamp>
                    <timeZone>UTC</timeZone>
                </timestamp>
                <pattern>
                    <pattern>
                        {
                        "severity": "%level",
                        "url": "%X{url:-}",
                        "service": "${springAppName:-}",
                        "channel": "%X{channel:-}",
                        "partnerId": "%X{partnerId:-}",
                        "correlationId": "%X{correlationId:-}",
                        "trace": "%X{X-B3-TraceId:-}",
                        "span": "%X{X-B3-SpanId:-}",
                        "parent": "%X{X-B3-ParentSpanId:-}",
                        "exportable": "%X{X-Span-Export:-}",
                        "pid": "${PID:-}",
                        "thread": "%thread",
                        "class": "%logger{40}",
                        "message": "%message"
                        }
                    </pattern>
                </pattern>
            </providers>
        </encoder>
    </appender>

    <springProfile name="local">
        <root level="INFO">
            <appender-ref ref="console"/>
<!--            <appender-ref ref="logstash"/>-->
        </root>
    </springProfile>

    <springProfile name="!local">
        <root level="INFO">
            <appender-ref ref="logstash"/>
        </root>
    </springProfile>

</configuration>